{
  "accuracy": 0.987460815047022,
  "auc": 0.9963910056885263,
  "precision": 0.9414414414414415,
  "recall": 0.95,
  "f1": 0.9457013574660633,
  "threshold": 0.58
}